{"client_meta":{"background_color":{"r":0.8980392217636108,"g":0.8980392217636108,"b":0.8980392217636108,"a":1},"thumbnail_size":{"width":274,"height":400},"render_coordinates":{"x":0,"y":0,"width":4960,"height":7228}},"file_name":"IDEA9105 Split Bill Poster Draft VIP (Copy)","developer_related_links":[],"exported_at":"2026-05-31T14:38:25.285Z"}